Probe_ID,median
cg00036119,0.462
cg00075967,0.849
cg00079056,0.935
cg00083937,0.66
cg00091693,0.849
cg00102512,0.952
cg00113951,0.072
cg00126959,0.018
cg00161556,0.558
cg00168942,0.652
cg00194146,0.192
cg00230271,0.047
cg00252095,0.94
cg00261781,0.017
cg00277397,0.822
cg00297600,0.741
cg00332048,0.539
cg00335286,0.748
cg00338702,0.172
cg00350702,0.051
cg00356999,0.946
cg00374717,0.95
cg00398048,0.348
cg00410898,0.095
cg00412772,0.539
cg00412805,0.93
cg00412842,0.127
cg00417288,0.956
cg00417823,0.803
cg00431549,0.293
cg00436603,0.8
cg00456299,0.108
cg00462994,0.13
cg00480331,0.088
cg00481951,0.208
cg00486113,0.364
cg00497251,0.148
cg00500789,0.928
cg00503840,0.207
cg00515905,0.937
cg00534468,0.782
cg00543335,0.919
cg00554421,0.633
cg00558975,0.918
cg00564555,0.701
cg00574958,0.098
cg00582628,0.592
cg00684178,0.879
cg00684824,0.24
cg00687674,0.368
cg00695391,0.397
cg00695799,0.194
cg00706683,0.61
cg00744433,0.941
cg00748589,0.248
cg00844308,0.372
cg00845900,0.955
cg00862290,0.76
cg00864867,0.054
cg00870265,0.016
cg00892703,0.741
cg00907204,0.091
cg00935435,0.887
cg00936722,0.925
cg00943950,0.063
cg00945507,0.526
cg00955230,0.073
cg00959259,0.697
cg00970752,0.625
cg00994306,0.063
cg01021485,0.042
cg01026009,0.491
cg01027739,0.098
cg01027805,0.1
cg01029867,0.055
cg01031441,0.274
cg01056568,0.595
cg01057893,0.954
cg01070197,0.967
cg01096266,0.617
cg01114088,0.086
cg01127300,0.602
cg01128603,0.121
cg01130056,0.94
cg01130991,0.846
cg01131735,0.042
cg01137065,0.039
cg01163330,0.965
cg01187498,0.958
cg01206872,0.515
cg01211097,0.46
cg01221637,0.063
cg01234063,0.061
cg01252496,0.505
cg01254459,0.045
cg01256539,0.738
cg01261503,0.07
cg01262913,0.074
cg01308343,0.635
cg01328703,0.96
cg01335367,0.124
cg01337813,0.135
cg01353448,0.622
cg01355108,0.448
cg01365152,0.961
cg01391867,0.028
cg01400401,0.125
cg01407797,0.083
cg01412762,0.322
cg01431830,0.945
cg01438090,0.766
cg01441777,0.475
cg01450842,0.952
cg01459453,0.798
cg01485645,0.167
cg01491219,0.09
cg01508796,0.058
cg01511567,0.221
cg01517384,0.407
cg01518025,0.94
cg01519742,0.099
cg01528542,0.759
cg01560871,0.787
cg01562537,0.898
cg01564693,0.928
cg01570885,0.491
cg01584473,0.864
cg01603456,0.851
cg01623187,0.963
cg01624571,0.935
cg01626227,0.09
cg01635346,0.309
cg01637125,0.878
cg01638369,0.143
cg01641177,0.192
cg01644850,0.045
cg01651821,0.047
cg01656216,0.911
cg01658265,0.076
cg01687878,0.549
cg01702009,0.866
cg01704252,0.762
cg01708387,0.73
cg01753176,0.932
cg01773760,0.096
cg01802397,0.047
cg01817885,0.953
cg01820374,0.347
cg01823956,0.018
cg01829657,0.919
cg01873645,0.043
cg01873886,0.068
cg01883195,0.559
cg01885071,0.036
cg01909777,0.953
cg01918706,0.03
cg01930621,0.043
cg01936220,0.23
cg01939962,0.968
cg01940273,0.666
cg01946401,0.595
cg01956624,0.024
cg01960979,0.922
cg01968178,0.123
cg01975858,0.953
cg01997410,0.098
cg02016419,0.415
cg02019988,0.209
cg02027561,0.756
cg02046143,0.312
cg02047577,0.017
cg02066343,0.799
cg02071305,0.328
cg02081065,0.957
cg02085507,0.565
cg02085953,0.413
cg02089135,0.056
cg02115397,0.971
cg02135821,0.96
cg02150207,0.977
cg02151301,0.355
cg02154074,0.149
cg02189786,0.016
cg02193806,0.875
cg02197293,0.176
cg02217159,0.139
cg02220125,0.641
cg02228185,0.875
cg02229946,0.892
cg02272457,0.965
cg02275294,0.134
cg02291424,0.04
cg02295856,0.883
cg02309431,0.919
cg02311013,0.878
cg02331561,0.016
cg02332492,0.884
cg02335441,0.057
cg02356786,0.08
cg02364642,0.304
cg02373784,0.15
cg02388150,0.244
cg02395454,0.601
cg02415341,0.661
cg02479575,0.027
cg02480835,0.028
cg02483931,0.343
cg02489552,0.634
cg02495445,0.906
cg02503970,0.045
cg02505126,0.028
cg02514143,0.946
cg02515033,0.986
cg02580250,0.599
cg02580606,0.934
cg02580722,0.045
cg02587153,0.301
cg02591356,0.443
cg02613108,0.387
cg02627240,0.373
cg02631957,0.062
cg02633924,0.056
cg02650266,0.066
cg02654291,0.474
cg02713068,0.075
cg02716826,0.389
cg02735486,0.684
cg02758183,0.938
cg02767242,0.263
cg02780017,0.176
cg02782857,0.929
cg02802055,0.035
cg02817030,0.114
cg02827112,0.081
cg02831419,0.944
cg02853801,0.149
cg02867102,0.152
cg02875404,0.906
cg02880119,0.656
cg02922734,0.956
cg02925268,0.949
cg02931526,0.961
cg02970861,0.056
cg02972551,0.051
cg02974659,0.727
cg02976574,0.943
cg02991799,0.015
cg03007010,0.052
cg03019000,0.81
cg03032497,0.22
cg03072681,0.508
cg03096347,0.699
cg03098356,0.015
cg03102848,0.031
cg03103192,0.499
cg03110633,0.017
cg03112631,0.11
cg03112869,0.96
cg03153178,0.038
cg03167275,0.113
cg03172657,0.489
cg03172991,0.566
cg03204600,0.115
cg03258472,0.558
cg03259703,0.857
cg03270204,0.914
cg03274876,0.029
cg03276920,0.925
cg03286783,0.08
cg03294557,0.706
cg03322338,0.455
cg03330058,0.348
cg03340261,0.041
cg03345668,0.622
cg03358468,0.967
cg03387497,0.927
cg03393241,0.935
cg03394401,0.207
cg03399905,0.1
cg03400403,0.961
cg03415429,0.017
cg03424844,0.796
cg03443360,0.52
cg03460603,0.928
cg03473532,0.886
cg03494277,0.948
cg03522107,0.292
cg03524223,0.043
cg03535648,0.959
cg03546163,0.68
cg03565081,0.259
cg03565323,0.137
cg03568017,0.092
cg03574306,0.774
cg03578041,0.327
cg03588357,0.079
cg03604011,0.051
cg03607117,0.079
cg03623878,0.082
cg03634479,0.192
cg03636183,0.731
cg03682823,0.539
cg03699074,0.203
cg03703325,0.065
cg03706056,0.567
cg03707967,0.709
cg03714531,0.051
cg03724882,0.055
cg03730314,0.544
cg03739265,0.965
cg03760035,0.986
cg03760483,0.489
cg03764506,0.037
cg03788610,0.844
cg03807873,0.899
cg03819692,0.868
cg03827386,0.944
cg03840504,0.056
cg03860256,0.323
cg03891319,0.097
cg03900798,0.961
cg03900851,0.036
cg03913456,0.28
cg03929796,0.243
cg03947362,0.047
cg03950121,0.847
cg03955530,0.861
cg03960747,0.839
cg03974717,0.042
cg03977782,0.05
cg03990195,0.861
cg03991512,0.544
cg03997502,0.89
cg04005032,0.069
cg04007936,0.954
cg04014889,0.935
cg04018738,0.881
cg04053045,0.052
cg04084157,0.157
cg04087608,0.909
cg04094160,0.045
cg04120520,0.919
cg04121983,0.109
cg04126866,0.849
cg04135242,0.964
cg04169469,0.114
cg04196119,0.449
cg04243822,0.958
cg04254609,0.033
cg04265051,0.507
cg04268405,0.964
cg04323814,0.477
cg04333463,0.041
cg04344923,0.916
cg04359302,0.861
cg04379563,0.959
cg04400972,0.084
cg04416734,0.18
cg04416752,0.064
cg04424621,0.17
cg04431054,0.285
cg04431596,0.963
cg04452713,0.121
cg04474832,0.312
cg04480914,0.061
cg04528819,0.152
cg04588969,0.981
cg04599158,0.874
cg04601137,0.376
cg04607246,0.953
cg04616566,0.947
cg04634427,0.71
cg04659537,0.706
cg04661709,0.705
cg04718414,0.031
cg04736140,0.039
cg04745805,0.052
cg04748223,0.542
cg04755031,0.111
cg04764584,0.607
cg04785972,0.257
cg04818845,0.639
cg04832325,0.812
cg04836038,0.106
cg04836987,0.949
cg04875128,0.122
cg04940570,0.061
cg04946715,0.062
cg04967775,0.047
cg04974804,0.895
cg04976151,0.37
cg04987004,0.953
cg04999691,0.771
cg05021075,0.517
cg05065162,0.941
cg05078817,0.934
cg05087948,0.056
cg05089968,0.945
cg05090127,0.108
cg05125838,0.386
cg05127178,0.239
cg05144928,0.534
cg05174890,0.112
cg05180206,0.937
cg05182912,0.947
cg05218245,0.867
cg05228408,0.435
cg05241355,0.076
cg05250458,0.287
cg05270634,0.051
cg05276137,0.053
cg05294243,0.277
cg05295197,0.954
cg05303999,0.944
cg05308744,0.98
cg05313771,0.08
cg05316065,0.587
cg05365729,0.349
cg05373692,0.311
cg05420896,0.235
cg05422352,0.455
cg05425050,0.038
cg05440289,0.901
cg05441133,0.914
cg05442902,0.306
cg05461666,0.954
cg05466385,0.944
cg05470074,0.118
cg05473871,0.222
cg05492270,0.024
cg05495454,0.968
cg05501584,0.18
cg05515143,0.878
cg05530348,0.946
cg05532892,0.04
cg05548952,0.843
cg05575505,0.53
cg05575921,0.853
cg05590257,0.083
cg05590616,0.04
cg05604079,0.137
cg05613002,0.048
cg05638439,0.575
cg05661164,0.872
cg05675373,0.112
cg05697249,0.726
cg05710301,0.961
cg05732130,0.046
cg05737638,0.92
cg05747812,0.917
cg05755779,0.921
cg05759269,0.046
cg05782444,0.93
cg05815247,0.869
cg05817517,0.055
cg05839709,0.873
cg05845376,0.827
cg05847778,0.036
cg05851163,0.041
cg05890887,0.012
cg05898102,0.14
cg05903609,0.143
cg05921699,0.905
cg05960024,0.964
cg05971102,0.684
cg05993589,0.916
cg05995267,0.127
cg05996213,0.427
cg06022832,0.956
cg06044899,0.568
cg06051159,0.755
cg06117855,0.185
cg06121469,0.038
cg06127256,0.986
cg06133392,0.931
cg06134964,0.577
cg06144905,0.254
cg06147196,0.868
cg06171242,0.045
cg06176987,0.951
cg06189653,0.048
cg06213463,0.016
cg06259664,0.942
cg06266189,0.564
cg06295856,0.178
cg06298190,0.32
cg06327515,0.274
cg06349851,0.952
cg06361108,0.045
cg06363129,0.612
cg06372850,0.29
cg06413272,0.871
cg06418475,0.273
cg06419846,0.941
cg06419850,0.04
cg06439736,0.957
cg06440348,0.942
cg06462291,0.076
cg06493994,0.21
cg06500161,0.627
cg06513075,0.045
cg06513864,0.023
cg06533629,0.137
cg06557358,0.085
cg06560379,0.1
cg06563451,0.078
cg06625640,0.554
cg06637774,0.379
cg06638451,0.592
cg06639320,0.43
cg06644428,0.061
cg06649410,0.209
cg06685111,0.432
cg06688848,0.046
cg06690548,0.934
cg06705834,0.074
cg06722193,0.182
cg06738602,0.162
cg06752157,0.928
cg06780601,0.436
cg06806711,0.434
cg06809285,0.941
cg06809342,0.809
cg06810647,0.223
cg06813250,0.844
cg06836772,0.189
cg06841024,0.071
cg06854487,0.118
cg06874016,0.354
cg06901711,0.491
cg06903325,0.951
cg06908778,0.165
cg06911753,0.99
cg06912355,0.925
cg06926735,0.037
cg06946797,0.237
cg06952310,0.743
cg06958034,0.066
cg06959205,0.551
cg06975311,0.22
cg06975499,0.049
cg06993413,0.095
cg06994793,0.039
cg07017437,0.882
cg07025011,0.503
cg07031797,0.071
cg07038400,0.704
cg07039560,0.668
cg07073964,0.605
cg07082267,0.482
cg07105440,0.049
cg07113802,0.331
cg07120314,0.021
cg07127225,0.05
cg07158339,0.43
cg07180649,0.172
cg07205627,0.476
cg07211259,0.241
cg07236943,0.062
cg07258300,0.938
cg07265300,0.066
cg07268726,0.92
cg07274490,0.848
cg07284273,0.147
cg07285276,0.845
cg07291563,0.045
cg07337598,0.838
cg07338119,0.977
cg07388493,0.517
cg07408456,0.403
cg07412232,0.955
cg07455279,0.216
cg07477034,0.332
cg07484827,0.944
cg07494518,0.074
cg07498421,0.119
cg07520608,0.231
cg07529654,0.694
cg07539443,0.874
cg07543883,0.636
cg07547549,0.381
cg07553761,0.212
cg07573872,0.713
cg07582047,0.013
cg07583137,0.819
cg07592681,0.923
cg07595943,0.987
cg07631435,0.529
cg07654934,0.049
cg07660627,0.809
cg07663789,0.064
cg07665217,0.837
cg07677157,0.318
cg07690734,0.981
cg07730301,0.442
cg07733920,0.675
cg07770222,0.755
cg07793207,0.223
cg07817698,0.048
cg07839457,0.521
cg07842062,0.762
cg07849904,0.069
cg07850604,0.078
cg07871532,0.853
cg07927379,0.022
cg07927953,0.964
cg07929310,0.075
cg07929447,0.898
cg07951602,0.914
cg07955995,0.027
cg07973162,0.806
cg07984286,0.314
cg07989867,0.12
cg08007899,0.192
cg08030082,0.536
cg08035942,0.089
cg08055490,0.959
cg08067365,0.033
cg08072101,0.515
cg08074477,0.651
cg08074820,0.091
cg08090772,0.143
cg08097417,0.155
cg08110610,0.932
cg08122652,0.828
cg08124722,0.947
cg08138571,0.048
cg08140104,0.924
cg08147391,0.922
cg08161922,0.04
cg08169325,0.066
cg08186124,0.035
cg08202754,0.127
cg08212685,0.347
cg08234504,0.326
cg08251036,0.954
cg08251399,0.723
cg08260658,0.096
cg08262933,0.154
cg08284371,0.106
cg08331960,0.4
cg08334432,0.964
cg08352336,0.229
cg08370996,0.118
cg08373528,0.889
cg08405844,0.043
cg08410533,0.621
cg08413469,0.061
cg08415592,0.274
cg08424423,0.917
cg08434234,0.096
cg08439518,0.469
cg08475827,0.177
cg08487374,0.04
cg08529529,0.151
cg08540945,0.112
cg08548559,0.273
cg08549335,0.422
cg08586737,0.54
cg08587542,0.229
cg08614871,0.569
cg08645207,0.946
cg08654655,0.547
cg08659340,0.956
cg08667899,0.069
cg08668790,0.108
cg08694544,0.128
cg08695830,0.123
cg08706141,0.953
cg08771731,0.041
cg08832227,0.311
cg08871010,0.881
cg08871545,0.236
cg08872493,0.727
cg08877853,0.953
cg08896629,0.035
cg08899632,0.038
cg08900043,0.126
cg08923669,0.369
cg08926056,0.099
cg08965235,0.229
cg08980304,0.829
cg09000779,0.477
cg09019938,0.088
cg09045681,0.107
cg09051966,0.423
cg09096950,0.376
cg09118625,0.636
cg09133026,0.845
cg09144073,0.089
cg09159795,0.067
cg09191327,0.059
cg09194449,0.224
cg09196959,0.096
cg09219182,0.555
cg09225388,0.224
cg09244872,0.661
cg09254939,0.09
cg09279803,0.965
cg09294589,0.069
cg09304040,0.069
cg09315887,0.206
cg09319676,0.953
cg09322949,0.084
cg09351263,0.052
cg09396704,0.204
cg09404633,0.322
cg09413557,0.048
cg09418283,0.02
cg09434995,0.899
cg09438320,0.881
cg09441152,0.055
cg09480837,0.801
cg09509673,0.934
cg09522532,0.505
cg09548179,0.062
cg09556292,0.072
cg09566331,0.878
cg09578605,0.904
cg09584650,0.36
cg09608412,0.97
cg09625066,0.951
cg09630437,0.087
cg09646392,0.457
cg09651136,0.804
cg09690118,0.836
cg09722397,0.097
cg09722555,0.914
cg09785172,0.059
cg09799873,0.258
cg09809672,0.54
cg09826306,0.076
cg09834822,0.945
cg09845806,0.665
cg09851465,0.209
cg09869858,0.963
cg09884076,0.08
cg09885951,0.049
cg09892203,0.013
cg09899215,0.633
cg09915601,0.849
cg09920725,0.031
cg09971184,0.952
cg10000096,0.905
cg10045881,0.647
cg10052840,0.614
cg10068417,0.118
cg10116490,0.332
cg10119082,0.146
cg10120040,0.92
cg10130564,0.768
cg10142252,0.227
cg10143960,0.284
cg10144483,0.192
cg10158181,0.044
cg10169261,0.024
cg10177080,0.847
cg10189661,0.715
cg10202457,0.145
cg10202557,0.67
cg10224107,0.138
cg10225525,0.96
cg10266490,0.301
cg10281002,0.145
cg10323552,0.08
cg10327168,0.939
cg10345936,0.873
cg10354495,0.951
cg10376763,0.955
cg10377274,0.946
cg10407935,0.96
cg10431713,0.107
cg10439456,0.534
cg10486998,0.128
cg10501210,0.837
cg10508317,0.108
cg10509982,0.893
cg10511249,0.019
cg10523019,0.156
cg10530344,0.777
cg10531748,0.062
cg10535933,0.032
cg10549018,0.47
cg10570177,0.141
cg10578779,0.045
cg10584300,0.967
cg10585941,0.612
cg10591174,0.582
cg10636246,0.31
cg10654016,0.027
cg10667970,0.066
cg10669058,0.475
cg10677351,0.941
cg10701033,0.927
cg10747042,0.024
cg10753966,0.575
cg10795646,0.254
cg10853231,0.426
cg10865119,0.172
cg10878896,0.064
cg10900550,0.114
cg10917602,0.71
cg10920224,0.386
cg10920957,0.066
cg10922280,0.43
cg10940099,0.029
cg10940833,0.073
cg10948795,0.841
cg11019008,0.964
cg11020638,0.909
cg11025793,0.183
cg11043909,0.055
cg11049305,0.249
cg11058730,0.017
cg11067179,0.896
cg11074353,0.925
cg11086127,0.921
cg11177450,0.077
cg11207515,0.449
cg11233384,0.26
cg11235787,0.863
cg11235848,0.132
cg11237115,0.048
cg11287647,0.663
cg11295183,0.958
cg11299854,0.025
cg11299964,0.322
cg11314684,0.436
cg11333189,0.079
cg11336382,0.516
cg11388238,0.056
cg11426590,0.039
cg11444009,0.351
cg11459714,0.044
cg11487705,0.043
cg11490446,0.059
cg11507178,0.147
cg11539695,0.942
cg11554391,0.173
cg11569478,0.951
cg11594160,0.96
cg11595135,0.201
cg11600161,0.083
cg11605750,0.947
cg11618577,0.608
cg11631518,0.071
cg11653266,0.042
cg11660018,0.583
cg11764442,0.937
cg11781622,0.947
cg11782409,0.873
cg11833861,0.171
cg11850311,0.043
cg11867651,0.165
cg11896923,0.168
cg11903057,0.042
cg11923914,0.961
cg11924796,0.891
cg11932091,0.931
cg11932564,0.024
cg12020464,0.967
cg12035880,0.69
cg12051762,0.675
cg12054453,0.299
cg12067764,0.378
cg12112556,0.914
cg12145907,0.097
cg12155356,0.069
cg12157673,0.397
cg12165215,0.442
cg12177001,0.928
cg12188560,0.082
cg12211040,0.928
cg12238343,0.098
cg12247247,0.111
cg12261786,0.801
cg12265604,0.083
cg12269343,0.047
cg12289045,0.584
cg12298697,0.58
cg12324144,0.148
cg12325588,0.019
cg12329405,0.033
cg12351433,0.29
cg12363682,0.331
cg12373771,0.153
cg12379046,0.95
cg12384004,0.517
cg12386614,0.93
cg12396523,0.062
cg12402251,0.11
cg12413566,0.92
cg12458003,0.724
cg12465010,0.944
cg12473775,0.856
cg12473849,0.819
cg12483947,0.309
cg12486944,0.896
cg12511214,0.047
cg12516875,0.847
cg12599971,0.294
cg12605080,0.808
cg12612118,0.064
cg12616277,0.088
cg12683410,0.953
cg12716346,0.881
cg12743894,0.046
cg12768605,0.222
cg12791136,0.678
cg12813792,0.662
cg12830694,0.948
cg12831076,0.837
cg12846567,0.938
cg12864235,0.884
cg12889449,0.442
cg12893697,0.348
cg12918464,0.928
cg12927358,0.029
cg12941369,0.392
cg12946225,0.144
cg12977946,0.828
cg12980795,0.637
cg12985418,0.049
cg12988996,0.077
cg12991365,0.329
cg12991522,0.05
cg13001142,0.868
cg13029847,0.069
cg13038560,0.948
cg13042288,0.942
cg13077366,0.559
cg13092901,0.179
cg13119609,0.676
cg13120519,0.069
cg13129046,0.203
cg13155421,0.909
cg13180152,0.938
cg13216057,0.071
cg13218906,0.051
cg13258700,0.17
cg13269407,0.175
cg13287247,0.742
cg13296371,0.369
cg13302154,0.525
cg13307384,0.732
cg13309828,0.59
cg13316619,0.749
cg13319175,0.942
cg13323474,0.04
cg13351161,0.474
cg13371627,0.955
cg13398470,0.255
cg13406893,0.965
cg13409216,0.041
cg13428009,0.083
cg13446658,0.04
cg13449372,0.97
cg13457961,0.036
cg13458005,0.903
cg13460409,0.298
cg13499318,0.498
cg13501581,0.915
cg13509147,0.113
cg13510262,0.065
cg13514050,0.039
cg13518625,0.104
cg13543355,0.157
cg13547237,0.333
cg13550401,0.195
cg13550877,0.95
cg13564075,0.038
cg13565994,0.944
cg13571802,0.938
cg13573587,0.938
cg13574848,0.951
cg13587552,0.848
cg13589330,0.03
cg13603203,0.957
cg13606988,0.961
cg13611456,0.876
cg13613532,0.054
cg13620770,0.121
cg13631913,0.046
cg13634681,0.895
cg13649020,0.936
cg13649864,0.816
cg13650654,0.783
cg13654195,0.129
cg13656062,0.936
cg13656360,0.052
cg13657511,0.966
cg13667243,0.616
cg13673536,0.851
cg13678787,0.972
cg13682722,0.071
cg13700897,0.098
cg13718960,0.922
cg13724379,0.019
cg13728106,0.951
cg13772414,0.416
cg13828047,0.418
cg13836627,0.099
cg13842421,0.725
cg13843773,0.041
cg13854874,0.194
cg13861644,0.793
cg13873209,0.874
cg13875901,0.12
cg13898384,0.927
cg13899108,0.498
cg13915886,0.874
cg13917964,0.16
cg13931228,0.111
cg13947317,0.962
cg13975369,0.319
cg13990487,0.928
cg13994175,0.046
cg14009688,0.61
cg14060828,0.173
cg14073590,0.057
cg14084907,0.102
cg14088844,0.931
cg14105047,0.066
cg14153919,0.649
cg14159818,0.118
cg14163776,0.253
cg14175438,0.218
cg14223995,0.218
cg14234805,0.016
cg14258236,0.95
cg14260002,0.953
cg14268714,0.924
cg14281160,0.052
cg14308452,0.905
cg14329157,0.212
cg14350002,0.063
cg14355192,0.064
cg14361627,0.166
cg14371731,0.024
cg14387545,0.022
cg14408969,0.06
cg14409958,0.088
cg14423778,0.418
cg14424579,0.034
cg14457452,0.961
cg14467840,0.823
cg14473016,0.134
cg14476101,0.673
cg14501253,0.084
cg14508358,0.313
cg14508777,0.724
cg14528319,0.948
cg14528537,0.06
cg14543641,0.731
cg14545159,0.965
cg14550518,0.066
cg14556683,0.238
cg14592365,0.484
cg14597908,0.524
cg14626196,0.957
cg14652203,0.883
cg14654875,0.516
cg14658362,0.049
cg14680768,0.211
cg14686949,0.697
cg14689355,0.085
cg14692377,0.108
cg14700531,0.622
cg14709691,0.016
cg14716323,0.952
cg14723032,0.836
cg14727952,0.078
cg14747225,0.041
cg14754581,0.058
cg14825555,0.456
cg14868212,0.439
cg14870958,0.955
cg14889658,0.774
cg14894144,0.406
cg14916213,0.071
cg14918082,0.757
cg14924781,0.913
cg14928764,0.853
cg14955976,0.39
cg14972143,0.24
cg14984434,0.949
cg14992253,0.152
cg15001547,0.854
cg15011409,0.37
cg15012625,0.609
cg15013019,0.134
cg15016740,0.945
cg15062055,0.267
cg15089567,0.845
cg15171237,0.964
cg15174951,0.046
cg15185286,0.041
cg15192905,0.145
cg15201877,0.179
cg15211499,0.037
cg15228492,0.936
cg15258649,0.957
cg15262928,0.052
cg15290848,0.879
cg15341340,0.07
cg15344028,0.715
cg15355146,0.215
cg15381313,0.92
cg15381769,0.064
cg15410835,0.612
cg15427448,0.016
cg15447479,0.059
cg15471661,0.827
cg15480287,0.886
cg15489301,0.527
cg15498283,0.069
cg15547534,0.053
cg15551881,0.312
cg15569512,0.036
cg15573979,0.05
cg15600935,0.968
cg15611364,0.043
cg15631106,0.955
cg15642326,0.277
cg15651727,0.69
cg15658426,0.551
cg15661409,0.936
cg15679283,0.966
cg15703512,0.072
cg15705999,0.324
cg15709989,0.271
cg15777014,0.68
cg15777335,0.977
cg15783941,0.919
cg15804973,0.437
cg15808795,0.951
cg15811427,0.896
cg15815084,0.744
cg15822010,0.985
cg15845365,0.052
cg15849439,0.962
cg15856055,0.104
cg15860924,0.947
cg15876825,0.981
cg15881088,0.079
cg15887846,0.504
cg15903282,0.812
cg15947697,0.473
cg15963417,0.042
cg15966757,0.951
cg15974053,0.06
cg15988232,0.508
cg15988937,0.871
cg15997315,0.935
cg16034652,0.627
cg16054275,0.475
cg16067628,0.909
cg16085042,0.072
cg16088894,0.9
cg16150435,0.856
cg16168311,0.196
cg16173067,0.938
cg16188984,0.547
cg16241714,0.016
cg16246188,0.949
cg16252995,0.945
cg16274199,0.026
cg16295988,0.064
cg16305333,0.143
cg16313343,0.139
cg16319578,0.142
cg16340918,0.036
cg16354207,0.187
cg16357381,0.058
cg16358826,0.156
cg16372520,0.462
cg16383389,0.043
cg16385335,0.701
cg16400903,0.019
cg16408394,0.051
cg16408970,0.096
cg16416603,0.89
cg16419235,0.125
cg16419345,0.045
cg16466334,0.951
cg16494477,0.099
cg16511983,0.566
cg16543027,0.121
cg16547529,0.58
cg16558846,0.69
cg16569347,0.945
cg16579101,0.08
cg16612562,0.523
cg16648841,0.84
cg16649728,0.829
cg16665506,0.963
cg16700924,0.051
cg16704703,0.547
cg16708495,0.932
cg16713727,0.918
cg16718891,0.089
cg16728114,0.112
cg16730484,0.921
cg16730765,0.968
cg16743289,0.54
cg16744741,0.431
cg16816226,0.056
cg16821867,0.962
cg16832801,0.912
cg16847637,0.965
cg16854606,0.678
cg16867657,0.599
cg16887334,0.89
cg16899442,0.227
cg16928551,0.903
cg16933388,0.182
cg16978914,0.096
cg16982073,0.926
cg16983817,0.018
cg16984944,0.214
cg17009433,0.071
cg17025841,0.923
cg17038116,0.04
cg17044529,0.947
cg17058475,0.097
cg17063929,0.208
cg17096289,0.657
cg17099569,0.87
cg17100770,0.959
cg17116694,0.96
cg17117459,0.075
cg17129388,0.791
cg17133388,0.116
cg17133967,0.021
cg17177219,0.032
cg17215151,0.927
cg17220237,0.826
cg17255947,0.057
cg17262492,0.911
cg17274064,0.234
cg17285325,0.031
cg17286012,0.778
cg17287155,0.906
cg17310258,0.596
cg17324128,0.204
cg17338403,0.181
cg17382302,0.708
cg17408647,0.047
cg17431739,0.333
cg17440248,0.833
cg17500754,0.102
cg17501210,0.772
cg17511128,0.925
cg17526300,0.056
cg17533522,0.327
cg17536848,0.063
cg17543884,0.373
cg17560136,0.829
cg17561365,0.906
cg17589341,0.504
cg17591574,0.935
cg17598713,0.046
cg17605084,0.046
cg17627559,0.128
cg17639894,0.019
cg17641104,0.058
cg17655614,0.348
cg17676631,0.306
cg17686885,0.161
cg17719473,0.963
cg17726022,0.036
cg17729667,0.155
cg17744279,0.903
cg17747265,0.35
cg17749443,0.146
cg17758363,0.492
cg17770886,0.131
cg17803430,0.947
cg17850642,0.726
cg17853587,0.103
cg17861230,0.197
cg17886420,0.732
cg17894318,0.267
cg17896249,0.048
cg17903544,0.025
cg17923358,0.145
cg17940013,0.186
cg17960516,0.084
cg17966192,0.199
cg17981101,0.941
cg18001427,0.093
cg18003791,0.098
cg18003795,0.938
cg18031008,0.049
cg18055007,0.106
cg18098839,0.138
cg18116267,0.973
cg18117393,0.951
cg18139769,0.552
cg18148156,0.814
cg18154457,0.932
cg18159533,0.98
cg18180783,0.957
cg18181703,0.497
cg18234973,0.962
cg18241647,0.925
cg18267374,0.121
cg18278247,0.066
cg18328933,0.706
cg18331061,0.959
cg18345924,0.643
cg18376497,0.307
cg18384097,0.091
cg18388639,0.039
cg18392482,0.766
cg18394552,0.715
cg18405719,0.534
cg18425651,0.959
cg18440048,0.189
cg18468844,0.862
cg18473521,0.542
cg18476633,0.097
cg18569704,0.02
cg18573383,0.101
cg18584747,0.041
cg18587364,0.083
cg18593194,0.505
cg18607491,0.026
cg18638931,0.69
cg18691434,0.201
cg18693704,0.156
cg18717447,0.149
cg18718984,0.941
cg18732541,0.056
cg18771300,0.556
cg18809289,0.159
cg18853287,0.946
cg18881501,0.299
cg18886347,0.405
cg18892128,0.031
cg18951537,0.951
cg18956095,0.097
cg18983672,0.943
cg18984151,0.277
cg18995788,0.924
cg18996776,0.052
cg19008809,0.054
cg19012696,0.933
cg19028160,0.059
cg19033875,0.056
cg19044674,0.092
cg19046959,0.096
cg19061798,0.854
cg19076659,0.776
cg19080320,0.959
cg19083871,0.017
cg19104072,0.08
cg19110434,0.056
cg19149785,0.687
cg19167673,0.132
cg19174059,0.906
cg19196326,0.863
cg19253577,0.668
cg19273182,0.088
cg19283806,0.287
cg19287114,0.048
cg19297232,0.795
cg19305227,0.946
cg19328485,0.903
cg19345165,0.014
cg19346193,0.922
cg19356189,0.379
cg19371795,0.394
cg19378133,0.243
cg19389001,0.018
cg19393314,0.876
cg19398783,0.049
cg19414383,0.471
cg19420968,0.935
cg19439331,0.059
cg19459791,0.817
cg19471466,0.102
cg19478743,0.08
cg19491388,0.939
cg19501902,0.765
cg19510604,0.957
cg19514469,0.77
cg19514928,0.11
cg19556572,0.899
cg19560210,0.949
cg19566405,0.189
cg19569684,0.873
cg19570545,0.043
cg19573166,0.435
cg19586576,0.151
cg19601991,0.012
cg19615059,0.194
cg19617213,0.022
cg19632206,0.108
cg19647685,0.952
cg19663795,0.08
cg19685066,0.882
cg19686152,0.677
cg19692710,0.915
cg19693031,0.809
cg19694465,0.834
cg19706682,0.16
cg19717326,0.855
cg19719391,0.594
cg19722847,0.181
cg19724470,0.275
cg19731122,0.521
cg19761014,0.077
cg19761273,0.288
cg19778944,0.017
cg19783150,0.943
cg19795482,0.06
cg19802390,0.503
cg19853760,0.57
cg19859270,0.949
cg19883905,0.129
cg19935065,0.573
cg19945840,0.473
cg19987111,0.961
cg20052760,0.288
cg20066677,0.958
cg20090497,0.944
cg20100381,0.098
cg20150163,0.016
cg20162159,0.057
cg20173259,0.076
cg20234170,0.077
cg20240347,0.61
cg20240860,0.27
cg20245361,0.935
cg20246707,0.962
cg20248954,0.021
cg20295671,0.015
cg20305610,0.053
cg20308511,0.24
cg20327105,0.171
cg20352798,0.066
cg20361594,0.975
cg20405584,0.032
cg20426994,0.069
cg20433952,0.514
cg20448001,0.873
cg20459712,0.62
cg20462449,0.957
cg20468415,0.829
cg20492933,0.071
cg20524216,0.054
cg20550050,0.962
cg20550118,0.14
cg20557017,0.21
cg20569940,0.936
cg20570279,0.243
cg20572838,0.07
cg20576510,0.964
cg20585830,0.84
cg20652640,0.077
cg20656525,0.406
cg20660989,0.706
cg20674577,0.255
cg20686207,0.196
cg20692569,0.45
cg20747455,0.841
cg20761322,0.127
cg20795863,0.959
cg20800892,0.936
cg20801751,0.953
cg20822990,0.361
cg20828084,0.916
cg20891917,0.89
cg20914508,0.156
cg20915897,0.959
cg20923047,0.06
cg20941739,0.952
cg20947775,0.068
cg20951650,0.951
cg20967028,0.943
cg20999813,0.047
cg21006686,0.701
cg21036336,0.111
cg21053529,0.172
cg21080294,0.242
cg21081971,0.557
cg21091547,0.753
cg21096399,0.204
cg21099326,0.047
cg21112391,0.82
cg21120063,0.821
cg21120249,0.672
cg21137706,0.044
cg21139312,0.918
cg21184495,0.169
cg21200703,0.358
cg21201109,0.783
cg21207418,0.851
cg21208062,0.935
cg21211748,0.078
cg21227060,0.933
cg21272576,0.953
cg21280384,0.048
cg21288889,0.572
cg21296230,0.188
cg21305265,0.042
cg21348173,0.877
cg21363706,0.925
cg21368094,0.922
cg21370143,0.886
cg21378206,0.946
cg21395782,0.068
cg21412053,0.83
cg21459583,0.662
cg21460081,0.044
cg21462914,0.977
cg21566642,0.479
cg21574681,0.954
cg21579274,0.109
cg21584251,0.584
cg21614211,0.76
cg21649005,0.946
cg21649520,0.928
cg21656736,0.954
cg21658515,0.95
cg21664443,0.863
cg21710255,0.773
cg21712685,0.06
cg21727276,0.943
cg21736089,0.981
cg21761813,0.949
cg21762589,0.667
cg21770393,0.059
cg21777188,0.284
cg21789941,0.43
cg21791657,0.958
cg21801378,0.044
cg21833476,0.048
cg21835643,0.208
cg21843627,0.935
cg21870884,0.305
cg21879240,0.954
cg21899558,0.92
cg21907579,0.145
cg21924273,0.018
cg21926612,0.223
cg21950518,0.108
cg21960184,0.939
cg21992507,0.916
cg21993406,0.586
cg22006386,0.048
cg22016779,0.242
cg22030032,0.127
cg22047262,0.947
cg22090064,0.96
cg22090592,0.648
cg22156456,0.238
cg22157525,0.985
cg22158769,0.022
cg22163406,0.908
cg22171829,0.393
cg22179082,0.116
cg22190114,0.943
cg22194129,0.762
cg22197830,0.743
cg22213242,0.836
cg22249566,0.092
cg22277972,0.081
cg22282672,0.27
cg22285878,0.028
cg22289837,0.36
cg22322818,0.945
cg22355889,0.074
cg22395019,0.097
cg22396353,0.015
cg22407458,0.031
cg22432269,0.044
cg22449114,0.386
cg22454769,0.483
cg22455450,0.099
cg22473095,0.047
cg22484793,0.788
cg22495124,0.959
cg22510139,0.521
cg22510362,0.863
cg22511262,0.117
cg22512531,0.831
cg22512670,0.65
cg22518157,0.309
cg22519313,0.893
cg22538557,0.064
cg22568540,0.906
cg22580353,0.449
cg22582569,0.05
cg22594309,0.027
cg22613010,0.099
cg22616007,0.962
cg22620356,0.843
cg22637507,0.067
cg22650271,0.759
cg22659049,0.875
cg22660341,0.965
cg22660904,0.563
cg22663545,0.029
cg22679120,0.73
cg22686892,0.125
cg22704788,0.864
cg22714094,0.052
cg22736354,0.266
cg22744079,0.64
cg22778797,0.942
cg22796704,0.663
cg22809047,0.733
cg22820188,0.416
cg22850234,0.056
cg22866430,0.87
cg22871721,0.882
cg22901840,0.634
cg22902266,0.15
cg22920873,0.012
cg22930808,0.793
cg22947000,0.481
cg22971191,0.89
cg22983092,0.837
cg22983827,0.943
cg22991148,0.096
cg23036136,0.925
cg23047825,0.727
cg23083672,0.294
cg23091758,0.044
cg23092072,0.044
cg23106779,0.953
cg23124451,0.548
cg23127998,0.2
cg23152772,0.385
cg23159337,0.555
cg23173910,0.93
cg23180365,0.019
cg23191950,0.217
cg23213217,0.322
cg23234999,0.862
cg23239039,0.105
cg23251761,0.723
cg23278885,0.912
cg23322172,0.745
cg23338195,0.849
cg23367341,0.652
cg23371436,0.605
cg23376526,0.055
cg23431721,0.125
cg23500537,0.429
cg23510415,0.589
cg23511118,0.099
cg23517605,0.203
cg23549061,0.677
cg23568913,0.044
cg23573129,0.492
cg23606718,0.107
cg23662675,0.031
cg23668631,0.249
cg23691771,0.946
cg23710218,0.142
cg23744638,0.783
cg23771366,0.459
cg23777956,0.132
cg23786576,0.061
cg23800435,0.869
cg23814988,0.041
cg23818978,0.864
cg23832061,0.038
cg23842572,0.753
cg23923856,0.057
cg23938637,0.959
cg23941599,0.146
cg23944298,0.496
cg23955970,0.932
cg24000528,0.628
cg24058132,0.529
cg24079702,0.288
cg24081819,0.116
cg24093538,0.288
cg24110063,0.92
cg24110177,0.041
cg24115922,0.028
cg24116886,0.932
cg24125648,0.165
cg24126612,0.947
cg24126851,0.826
cg24145109,0.248
cg24172278,0.911
cg24208206,0.063
cg24254120,0.047
cg24262469,0.352
cg24304712,0.059
cg24332433,0.054
cg24391240,0.031
cg24393673,0.367
cg24407308,0.063
cg24420742,0.857
cg24429836,0.606
cg24450312,0.039
cg24471894,0.215
cg24493940,0.193
cg24493971,0.047
cg24505122,0.93
cg24505341,0.335
cg24506130,0.963
cg24521756,0.41
cg24556026,0.702
cg24580001,0.927
cg24580066,0.017
cg24651706,0.06
cg24674703,0.454
cg24675983,0.922
cg24708145,0.782
cg24765579,0.045
cg24801535,0.951
cg24805559,0.916
cg24834740,0.045
cg24859433,0.894
cg24869272,0.483
cg24888049,0.64
cg24894584,0.607
cg24899750,0.676
cg24921089,0.235
cg24924577,0.344
cg25022327,0.966
cg25024993,0.2
cg25034591,0.059
cg25070637,0.071
cg25092328,0.047
cg25101936,0.649
cg25136687,0.054
cg25148589,0.214
cg25149516,0.901
cg25159610,0.038
cg25166896,0.056
cg25189904,0.503
cg25229964,0.921
cg25251635,0.047
cg25256723,0.706
cg25291250,0.902
cg25325512,0.418
cg25371036,0.737
cg25410668,0.563
cg25411725,0.902
cg25428451,0.086
cg25428494,0.386
cg25448355,0.948
cg25450266,0.057
cg25459323,0.271
cg25478614,0.367
cg25505610,0.037
cg25536676,0.194
cg25552492,0.139
cg25564800,0.25
cg25567048,0.926
cg25572904,0.791
cg25587069,0.021
cg25598319,0.105
cg25613227,0.911
cg25616777,0.703
cg25629712,0.944
cg25654926,0.856
cg25657834,0.127
cg25663874,0.938
cg25683012,0.039
cg25697726,0.245
cg25713185,0.211
cg25741192,0.036
cg25761955,0.932
cg25769980,0.953
cg25771195,0.545
cg25781123,0.05
cg25806704,0.675
cg25809905,0.651
cg25841091,0.047
cg25845889,0.748
cg25876186,0.981
cg25881193,0.052
cg25898500,0.084
cg25928579,0.091
cg25939203,0.54
cg25939861,0.858
cg25949550,0.146
cg25955180,0.171
cg25966649,0.923
cg25977769,0.441
cg26003813,0.111
cg26005082,0.067
cg26009035,0.205
cg26022315,0.079
cg26036479,0.016
cg26043391,0.066
cg26045434,0.127
cg26071410,0.104
cg26074100,0.553
cg26091688,0.053
cg26096837,0.195
cg26104204,0.055
cg26109803,0.935
cg26110733,0.945
cg26116499,0.86
cg26126740,0.825
cg26156167,0.044
cg26162695,0.019
cg26191447,0.205
cg26201213,0.336
cg26206456,0.913
cg26212924,0.062
cg26219051,0.284
cg26266429,0.629
cg26297688,0.053
cg26312920,0.826
cg26341773,0.104
cg26350286,0.083
cg26357744,0.069
cg26359730,0.762
cg26372517,0.312
cg26372792,0.02
cg26382071,0.04
cg26394737,0.068
cg26394940,0.14
cg26403206,0.941
cg26403843,0.389
cg26407029,0.955
cg26411299,0.93
cg26433444,0.826
cg26453588,0.523
cg26456957,0.051
cg26470115,0.94
cg26470314,0.58
cg26471058,0.878
cg26481784,0.021
cg26527903,0.905
cg26573797,0.975
cg26581729,0.503
cg26614073,0.523
cg26620959,0.083
cg26665419,0.085
cg26711820,0.321
cg26723847,0.11
cg26746469,0.893
cg26805150,0.897
cg26815229,0.16
cg26816491,0.662
cg26824091,0.079
cg26837962,0.959
cg26842024,0.13
cg26845300,0.059
cg26853093,0.017
cg26866325,0.134
cg26867866,0.027
cg26881591,0.928
cg26898166,0.122
cg26905845,0.671
cg26921969,0.25
cg26932976,0.044
cg26943759,0.893
cg26950531,0.253
cg26960221,0.886
cg26967875,0.072
cg26975476,0.883
cg26987613,0.521
cg27015931,0.155
cg27016307,0.467
cg27067781,0.164
cg27087885,0.82
cg27092035,0.07
cg27113347,0.762
cg27114661,0.019
cg27115863,0.422
cg27134386,0.053
cg27145096,0.141
cg27152890,0.262
cg27169020,0.409
cg27187881,0.112
cg27202708,0.398
cg27243685,0.884
cg27244482,0.8
cg27272363,0.529
cg27294156,0.916
cg27319898,0.07
cg27326062,0.827
cg27336439,0.91
cg27367952,0.068
cg27377450,0.913
cg27380813,0.668
cg27395754,0.922
cg27396830,0.96
cg27413543,0.083
cg27440834,0.911
cg27493997,0.193
cg27494383,0.049
cg27505538,0.048
cg27514224,0.97
cg27544190,0.131
cg27569863,0.334
cg27626102,0.117
cg27628536,0.207
cg27637521,0.076
cg27655905,0.06
